[
{
  "model": "auth.user",
  "pk": 1,
  "fields": {
    "password": "pbkdf2_sha256$1000000$vXrFrKUvbhLszz7EkbmELu$twTWMjy02orhvppiHuKYCKgSAxvzbPKe13/UcGPHbVM=",
    "last_login": null,
    "is_superuser": false,
    "username": "Tamar",
    "first_name": "",
    "last_name": "",
    "email": "",
    "is_staff": false,
    "is_active": true,
    "date_joined": "2026-03-10T05:53:21.360Z",
    "groups": [],
    "user_permissions": []
  }
},
{
  "model": "auth.user",
  "pk": 2,
  "fields": {
    "password": "pbkdf2_sha256$1000000$FVzbQl52vQFfwZ5oiNiKFi$JQm/v0gr/2TQwNmRfp1yYatR12FEBf178sQK9Ie6mxw=",
    "last_login": null,
    "is_superuser": false,
    "username": "Rik",
    "first_name": "",
    "last_name": "",
    "email": "",
    "is_staff": false,
    "is_active": true,
    "date_joined": "2026-03-10T05:53:21.789Z",
    "groups": [],
    "user_permissions": []
  }
},
{
  "model": "auth.user",
  "pk": 3,
  "fields": {
    "password": "pbkdf2_sha256$1000000$VpH6XBsyjpv5jNHdd5aCZU$2x15ImpgVqllDeoTBhoyNGdvi+5qt8eVoy2JZR5QDOE=",
    "last_login": null,
    "is_superuser": false,
    "username": "Niko",
    "first_name": "",
    "last_name": "",
    "email": "",
    "is_staff": false,
    "is_active": true,
    "date_joined": "2026-03-10T05:53:22.180Z",
    "groups": [],
    "user_permissions": []
  }
},
{
  "model": "auth.user",
  "pk": 4,
  "fields": {
    "password": "pbkdf2_sha256$1000000$tDxgIRtk9I7jqSZOpalfCh$LQg44GxLuBu8OM7xabkETLIThK2UF52i9xMFWuy8ppw=",
    "last_login": null,
    "is_superuser": false,
    "username": "Stan",
    "first_name": "",
    "last_name": "",
    "email": "",
    "is_staff": false,
    "is_active": true,
    "date_joined": "2026-03-10T05:53:22.547Z",
    "groups": [],
    "user_permissions": []
  }
},
{
  "model": "auth.user",
  "pk": 5,
  "fields": {
    "password": "pbkdf2_sha256$1000000$QIeVQaY53hWZru9Mexh7EL$MlM4uWgPDFwAtsbCyEtS6QAvnmimGPX+i/iT4V80Ngk=",
    "last_login": null,
    "is_superuser": false,
    "username": "Goksu",
    "first_name": "",
    "last_name": "",
    "email": "",
    "is_staff": false,
    "is_active": true,
    "date_joined": "2026-03-10T05:53:22.978Z",
    "groups": [],
    "user_permissions": []
  }
},
{
  "model": "auth.user",
  "pk": 6,
  "fields": {
    "password": "pbkdf2_sha256$1000000$NABaAIXUag5CirYfjNReeK$0PmfC1cGQKpYiNjjjxi988f9aKTLGt+yW0YWjg6SDWk=",
    "last_login": null,
    "is_superuser": false,
    "username": "The_cat",
    "first_name": "",
    "last_name": "",
    "email": "",
    "is_staff": false,
    "is_active": true,
    "date_joined": "2026-03-10T05:53:23.347Z",
    "groups": [],
    "user_permissions": []
  }
},
{
  "model": "profiles.userprofile",
  "pk": 1,
  "fields": {
    "user": 1,
    "avatar": ""
  }
},
{
  "model": "profiles.userprofile",
  "pk": 2,
  "fields": {
    "user": 2,
    "avatar": ""
  }
},
{
  "model": "profiles.userprofile",
  "pk": 3,
  "fields": {
    "user": 3,
    "avatar": ""
  }
},
{
  "model": "profiles.userprofile",
  "pk": 4,
  "fields": {
    "user": 4,
    "avatar": ""
  }
},
{
  "model": "profiles.userprofile",
  "pk": 5,
  "fields": {
    "user": 5,
    "avatar": ""
  }
},
{
  "model": "profiles.userprofile",
  "pk": 6,
  "fields": {
    "user": 6,
    "avatar": ""
  }
},
{
  "model": "game.player",
  "pk": 1,
  "fields": {
    "user": 1,
    "total_games": 2,
    "total_wins": 1,
    "total_losses": 1,
    "elo_rating": 1003,
    "total_win_points": 5,
    "total_loss_points": 3,
    "current_win_streak": 1,
    "current_loss_streak": 0,
    "best_win_streak": 1
  }
},
{
  "model": "game.player",
  "pk": 2,
  "fields": {
    "user": 2,
    "total_games": 3,
    "total_wins": 2,
    "total_losses": 1,
    "elo_rating": 995,
    "total_win_points": 10,
    "total_loss_points": 1,
    "current_win_streak": 0,
    "current_loss_streak": 1,
    "best_win_streak": 2
  }
},
{
  "model": "game.player",
  "pk": 3,
  "fields": {
    "user": 3,
    "total_games": 3,
    "total_wins": 1,
    "total_losses": 2,
    "elo_rating": 1025,
    "total_win_points": 5,
    "total_loss_points": 6,
    "current_win_streak": 1,
    "current_loss_streak": 0,
    "best_win_streak": 1
  }
},
{
  "model": "game.player",
  "pk": 4,
  "fields": {
    "user": 4,
    "total_games": 2,
    "total_wins": 1,
    "total_losses": 1,
    "elo_rating": 1002,
    "total_win_points": 5,
    "total_loss_points": 2,
    "current_win_streak": 0,
    "current_loss_streak": 1,
    "best_win_streak": 1
  }
},
{
  "model": "game.player",
  "pk": 5,
  "fields": {
    "user": 5,
    "total_games": 1,
    "total_wins": 0,
    "total_losses": 1,
    "elo_rating": 988,
    "total_win_points": 0,
    "total_loss_points": 3,
    "current_win_streak": 0,
    "current_loss_streak": 1,
    "best_win_streak": 0
  }
},
{
  "model": "game.player",
  "pk": 6,
  "fields": {
    "user": 6,
    "total_games": 3,
    "total_wins": 2,
    "total_losses": 1,
    "elo_rating": 1008,
    "total_win_points": 10,
    "total_loss_points": 4,
    "current_win_streak": 0,
    "current_loss_streak": 1,
    "best_win_streak": 2
  }
},
{
  "model": "game.match",
  "pk": 1,
  "fields": {
    "player1": 2,
    "player2": 3,
    "player1_score": 5,
    "player2_score": 3,
    "winner": 2,
    "loser": 3,
    "timestamp": "2026-03-17T21:40:59.992Z"
  }
},
{
  "model": "game.match",
  "pk": 2,
  "fields": {
    "player1": 2,
    "player2": 3,
    "player1_score": 5,
    "player2_score": 1,
    "winner": 2,
    "loser": 3,
    "timestamp": "2026-03-17T21:46:27.683Z"
  }
},
{
  "model": "game.match",
  "pk": 3,
  "fields": {
    "player1": 3,
    "player2": 2,
    "player1_score": 5,
    "player2_score": 4,
    "winner": 3,
    "loser": 2,
    "timestamp": "2026-03-21T16:49:11.277Z"
  }
},
{
  "model": "game.match",
  "pk": 4,
  "fields": {
    "player1": 6,
    "player2": 1,
    "player1_score": 5,
    "player2_score": 2,
    "winner": 6,
    "loser": 1,
    "timestamp": "2026-03-22T10:15:34.123Z"
  }
},
{
  "model": "game.match",
  "pk": 5,
  "fields": {
    "player1": 5,
    "player2": 4,
    "player1_score": 2,
    "player2_score": 5,
    "winner": 4,
    "loser": 5,
    "timestamp": "2026-03-22T14:32:12.456Z"
  }
},
{
  "model": "game.match",
  "pk": 6,
  "fields": {
    "player1": 6,
    "player2": 4,
    "player1_score": 5,
    "player2_score": 3,
    "winner": 6,
    "loser": 4,
    "timestamp": "2026-03-23T09:20:45.789Z"
  }
},
{
  "model": "game.match",
  "pk": 7,
  "fields": {
    "player1": 1,
    "player2": 6,
    "player1_score": 5,
    "player2_score": 1,
    "winner": 1,
    "loser": 6,
    "timestamp": "2026-03-23T15:50:22.654Z"
  }
},
{
  "model": "game.achievement",
  "pk": 1,
  "fields": {
    "name": "First Game",
    "description": "You played your first game!",
    "requirement_type": "total_games",
    "requirement_value": 1
  }
},
{
  "model": "game.achievement",
  "pk": 2,
  "fields": {
    "name": "Third Game",
    "description": "You played your third game!",
    "requirement_type": "total_games",
    "requirement_value": 3
  }
},
{
  "model": "game.achievement",
  "pk": 3,
  "fields": {
    "name": "Tenth Game",
    "description": "You played your tenth game!",
    "requirement_type": "total_games",
    "requirement_value": 10
  }
},
{
  "model": "game.achievement",
  "pk": 4,
  "fields": {
    "name": "Twentieth Game",
    "description": "You played your twentieth game!",
    "requirement_type": "total_games",
    "requirement_value": 20
  }
},
{
  "model": "game.achievement",
  "pk": 5,
  "fields": {
    "name": "First Win",
    "description": "You won for the first time! Congratulations!",
    "requirement_type": "total_wins",
    "requirement_value": 1
  }
},
{
  "model": "game.achievement",
  "pk": 6,
  "fields": {
    "name": "Winning Streak 1",
    "description": "You won 3 games in a row!",
    "requirement_type": "best_win_streak",
    "requirement_value": 3
  }
},
{
  "model": "game.achievement",
  "pk": 7,
  "fields": {
    "name": "Winning Streak 2",
    "description": "You won 5 games in a row!",
    "requirement_type": "best_win_streak",
    "requirement_value": 5
  }
},
{
  "model": "game.achievement",
  "pk": 8,
  "fields": {
    "name": "Winning Streak 3",
    "description": "You won 10 games in a row!",
    "requirement_type": "best_win_streak",
    "requirement_value": 10
  }
},
{
  "model": "game.achievement",
  "pk": 9,
  "fields": {
    "name": "Winning Streak 4",
    "description": "You won 20 games in a row!",
    "requirement_type": "best_win_streak",
    "requirement_value": 20
  }
},
{
  "model": "game.achievement",
  "pk": 10,
  "fields": {
    "name": "Pong Expert",
    "description": "Your rating reached 1050!",
    "requirement_type": "elo_rating",
    "requirement_value": 1050
  }
},
{
  "model": "game.achievement",
  "pk": 11,
  "fields": {
    "name": "Pong Master",
    "description": "Your  rating reached 1100!",
    "requirement_type": "elo_rating",
    "requirement_value": 1100
  }
},
{
  "model": "game.achievement",
  "pk": 12,
  "fields": {
    "name": "Pong Guru",
    "description": "Your rating reached 1150!",
    "requirement_type": "elo_rating",
    "requirement_value": 1150
  }
},
{
  "model": "game.playerachievement",
  "pk": 1,
  "fields": {
    "player": 1,
    "achievement": 1,
    "timestamp": "2026-03-22T10:15:34.123Z"
  }
},
{
  "model": "game.playerachievement",
  "pk": 3,
  "fields": {
    "player": 1,
    "achievement": 5,
    "timestamp": "2026-03-23T15:50:22.654Z"
  }
},
{
  "model": "game.playerachievement",
  "pk": 4,
  "fields": {
    "player": 2,
    "achievement": 1,
    "timestamp": "2026-03-17T21:40:59.992Z"
  }
},
{
  "model": "game.playerachievement",
  "pk": 5,
  "fields": {
    "player": 2,
    "achievement": 2,
    "timestamp": "2026-03-21T16:49:11.277Z"
  }
},
{
  "model": "game.playerachievement",
  "pk": 6,
  "fields": {
    "player": 2,
    "achievement": 5,
    "timestamp": "2026-03-17T21:40:59.992Z"
  }
},
{
  "model": "game.playerachievement",
  "pk": 7,
  "fields": {
    "player": 3,
    "achievement": 1,
    "timestamp": "2026-03-17T21:46:27.683Z"
  }
},
{
  "model": "game.playerachievement",
  "pk": 8,
  "fields": {
    "player": 3,
    "achievement": 2,
    "timestamp": "2026-03-21T16:49:11.277Z"
  }
},
{
  "model": "game.playerachievement",
  "pk": 9,
  "fields": {
    "player": 3,
    "achievement": 5,
    "timestamp": "2026-03-21T16:49:11.277Z"
  }
},
{
  "model": "game.playerachievement",
  "pk": 11,
  "fields": {
    "player": 4,
    "achievement": 1,
    "timestamp": "2026-03-22T14:32:12.456Z"
  }
},
{
  "model": "game.playerachievement",
  "pk": 12,
  "fields": {
    "player": 4,
    "achievement": 5,
    "timestamp": "2026-03-23T09:20:45.789Z"
  }
},
{
  "model": "game.playerachievement",
  "pk": 13,
  "fields": {
    "player": 5,
    "achievement": 1,
    "timestamp": "2026-03-22T14:32:12.456Z"
  }
},
{
  "model": "game.playerachievement",
  "pk": 14,
  "fields": {
    "player": 6,
    "achievement": 1,
    "timestamp": "2026-03-22T10:15:34.123Z"
  }
},
{
  "model": "game.playerachievement",
  "pk": 15,
  "fields": {
    "player": 6,
    "achievement": 2,
    "timestamp": "2026-03-23T09:20:45.789Z"
  }
},
{
  "model": "game.playerachievement",
  "pk": 16,
  "fields": {
    "player": 6,
    "achievement": 5,
    "timestamp": "2026-03-22T10:15:34.123Z"
  }
},
{
  "model": "friends.friendrequest",
  "pk": 1,
  "fields": { "from_user": 1, "to_user": 2, "status": "accepted", "created_at": "2026-03-01T10:00:00Z", "updated_at": "2026-03-01T10:00:00Z" }
},
{
  "model": "friends.friendrequest",
  "pk": 2,
  "fields": { "from_user": 1, "to_user": 3, "status": "accepted", "created_at": "2026-03-01T10:01:00Z", "updated_at": "2026-03-01T10:01:00Z" }
},
{
  "model": "friends.friendrequest",
  "pk": 3,
  "fields": { "from_user": 1, "to_user": 4, "status": "accepted", "created_at": "2026-03-01T10:02:00Z", "updated_at": "2026-03-01T10:02:00Z" }
},
{
  "model": "friends.friendrequest",
  "pk": 4,
  "fields": { "from_user": 1, "to_user": 5, "status": "accepted", "created_at": "2026-03-01T10:03:00Z", "updated_at": "2026-03-01T10:03:00Z" }
},
{
  "model": "friends.friendrequest",
  "pk": 5,
  "fields": { "from_user": 4, "to_user": 3, "status": "accepted", "created_at": "2026-03-01T10:04:00Z", "updated_at": "2026-03-01T10:04:00Z" }
},
{
  "model": "friends.block",
  "pk": 1,
  "fields": { "blocker": 6, "blocked_user": 1, "created_at": "2026-03-02T10:00:00Z" }
},
{
  "model": "friends.block",
  "pk": 2,
  "fields": { "blocker": 6, "blocked_user": 2, "created_at": "2026-03-02T10:01:00Z" }
},
{
  "model": "friends.block",
  "pk": 3,
  "fields": { "blocker": 6, "blocked_user": 3, "created_at": "2026-03-02T10:02:00Z" }
},
{
  "model": "friends.block",
  "pk": 4,
  "fields": { "blocker": 6, "blocked_user": 4, "created_at": "2026-03-02T10:03:00Z" }
},
{
  "model": "friends.block",
  "pk": 5,
  "fields": { "blocker": 6, "blocked_user": 5, "created_at": "2026-03-02T10:04:00Z" }
}
]
